Model,Race,Accuracy,Precision,Recall,ROC-AUC,Confusion Matrix,State
White Only,American Indian,0.8834545454545455,0.4497247174731962,0.7000451059990979,0.547635850388144,"[[17884  1899]
 [  665  1552]]",1.0
All Races,American Indian,0.859,0.39251882438668934,0.7289129454217411,0.510262077676034,"[[17282  2501]
 [  601  1616]]",1.0
White Only,Asian,0.9137727272727273,0.5150829562594268,0.6909458775923116,0.5901922661481961,"[[18737  1286]
 [  611  1366]]",1.0
All Races,Asian,0.8922727272727272,0.43857455454829636,0.7096611026808295,0.5421174652241112,"[[18227  1796]
 [  574  1403]]",1.0
White Only,Black,0.9178636363636363,0.6830804466075007,0.7731691510045366,0.7253381972944216,"[[17807  1107]
 [  700  2386]]",1.0
All Races,Black,0.8897727272727273,0.5775639521239145,0.7974724562540505,0.669933306111338,"[[17114  1800]
 [  625  2461]]",1.0
White Only,Hawaiian/Other,0.9145454545454546,0.5698994485890366,0.7602769363911727,0.6514645902855024,"[[18363  1326]
 [  554  1757]]",1.0
All Races,Hawaiian/Other,0.8955454545454545,0.5018141222439296,0.7780181739506707,0.6101119782829997,"[[17904  1785]
 [  513  1798]]",1.0
White Only,White,0.8624090909090909,0.5680885972108285,0.750474126253048,0.6466674448465041,"[[16203  2106]
 [  921  2770]]",1.0
All Races,White,0.8543181818181819,0.5473499610288387,0.7610403684638309,0.6367448713589482,"[[15986  2323]
 [  882  2809]]",1.0
White Only,American Indian,0.6917272727272727,0.22733245729303547,0.8583671628326568,0.359463543634303,"[[13315  6468]
 [  314  1903]]",2.0
All Races,American Indian,0.7015454545454546,0.2339410253272972,0.8624267027514659,0.36804619826756496,"[[13522  6261]
 [  305  1912]]",2.0
White Only,Asian,0.7941363636363636,0.27511455763130066,0.7895801719777441,0.4080512351326624,"[[15910  4113]
 [  416  1561]]",2.0
All Races,Asian,0.7959090909090909,0.27819947043248017,0.7971674253920081,0.41245747186600373,"[[15934  4089]
 [  401  1576]]",2.0
White Only,Black,0.7420454545454546,0.3382885696439725,0.8775113415424498,0.48832386619781804,"[[13617  5297]
 [  378  2708]]",2.0
All Races,Black,0.7504090909090909,0.3458530957569542,0.8742709008425146,0.49563699825479923,"[[13811  5103]
 [  388  2698]]",2.0
White Only,Hawaiian/Other,0.7689090909090909,0.2967306846503445,0.8758113370835137,0.4432763907139728,"[[14892  4797]
 [  287  2024]]",2.0
All Races,Hawaiian/Other,0.7716363636363637,0.2997194743835819,0.8784076157507572,0.44693967415235586,"[[14946  4743]
 [  281  2030]]",2.0
White Only,White,0.6976363636363636,0.34401011484564326,0.884584123543755,0.49537247762099834,"[[12083  6226]
 [  426  3265]]",2.0
All Races,White,0.7106818181818182,0.3544524276072284,0.8821457599566513,0.5057078512075793,"[[12379  5930]
 [  435  3256]]",2.0
White Only,American Indian,0.9476818181818182,0.92776886035313,0.521425349571493,0.667629223216864,"[[19693    90]
 [ 1061  1156]]",4.0
All Races,American Indian,0.9462272727272727,0.8964723926380368,0.5272891294542175,0.6640159045725648,"[[19648   135]
 [ 1048  1169]]",4.0
White Only,Asian,0.9639545454545455,0.9860426929392446,0.6074860900354072,0.7517996870109546,"[[20006    17]
 [  776  1201]]",4.0
All Races,Asian,0.9635454545454546,0.9741727199354318,0.6105209914011128,0.7506218905472638,"[[19991    32]
 [  770  1207]]",4.0
White Only,Black,0.9566363636363636,0.9832275611967362,0.7028515878159429,0.8197278911564626,"[[18877    37]
 [  917  2169]]",4.0
All Races,Black,0.9557727272727272,0.9756866276452049,0.702203499675956,0.8166572451479178,"[[18860    54]
 [  919  2167]]",4.0
White Only,Hawaiian/Other,0.9629090909090909,0.9728020240354206,0.6655127650367806,0.790339157245632,"[[19646    43]
 [  773  1538]]",4.0
All Races,Hawaiian/Other,0.9620909090909091,0.9578425294482331,0.6685417568152315,0.7874617737003058,"[[19621    68]
 [  766  1545]]",4.0
White Only,White,0.9242272727272727,0.9554455445544554,0.5751828772690328,0.7180788094030103,"[[18210    99]
 [ 1568  2123]]",4.0
All Races,White,0.922,0.930658525948539,0.5781630994310485,0.7132352941176472,"[[18150   159]
 [ 1557  2134]]",4.0
White Only,American Indian,0.9042272727272728,0.5203703703703704,0.6337392873252142,0.5714866788692291,"[[18488  1295]
 [  812  1405]]",5.0
All Races,American Indian,0.8893636363636364,0.46547884187082406,0.6599007668019846,0.5458955223880597,"[[18103  1680]
 [  754  1463]]",5.0
White Only,Asian,0.9065,0.48566308243727596,0.6853818917551846,0.5684917138661632,"[[18588  1435]
 [  622  1355]]",5.0
All Races,Asian,0.8896818181818181,0.43110838946723823,0.7121901871522509,0.5370970818233836,"[[18165  1858]
 [  569  1408]]",5.0
White Only,Black,0.9296818181818182,0.7467136902853478,0.7546986390149061,0.7506849315068493,"[[18124   790]
 [  757  2329]]",5.0
All Races,Black,0.9108636363636363,0.6519859497433126,0.7819183408943616,0.7110652718432297,"[[17626  1288]
 [  673  2413]]",5.0
White Only,Hawaiian/Other,0.9242727272727272,0.6166365280289331,0.7377758546083947,0.6717888100866825,"[[18629  1060]
 [  606  1705]]",5.0
All Races,Hawaiian/Other,0.9092727272727272,0.5493885230479775,0.7581133708351363,0.6370909090909092,"[[18252  1437]
 [  559  1752]]",5.0
White Only,White,0.8734545454545455,0.6035624571820051,0.7160661067461392,0.6550185873605948,"[[16573  1736]
 [ 1048  2643]]",5.0
All Races,White,0.8658181818181818,0.5794452805848205,0.7301544296938499,0.6461280268520738,"[[16353  1956]
 [  996  2695]]",5.0
White Only,American Indian,0.9213636363636364,0.6075055187637969,0.620658547586829,0.6140116019634092,"[[18894   889]
 [  841  1376]]",6.0
All Races,American Indian,0.9195,0.597465034965035,0.6165990076680199,0.6068812430632631,"[[18862   921]
 [  850  1367]]",6.0
White Only,Asian,0.9414090909090909,0.6691248770894789,0.6884167931208902,0.6786337571677886,"[[19350   673]
 [  616  1361]]",6.0
All Races,Asian,0.9385,0.6538461538461539,0.6707132018209409,0.6621722846441948,"[[19321   702]
 [  651  1326]]",6.0
White Only,Black,0.9286363636363636,0.7469055374592833,0.7430330524951393,0.7449642625081222,"[[18137   777]
 [  793  2293]]",6.0
All Races,Black,0.9273636363636364,0.7386144964720975,0.7462734931950745,0.7424242424242425,"[[18099   815]
 [  783  2303]]",6.0
White Only,Hawaiian/Other,0.9429545454545455,0.7315789473684211,0.7217654694937257,0.7266390764539317,"[[19077   612]
 [  643  1668]]",6.0
All Races,Hawaiian/Other,0.9424545454545454,0.7270751847023034,0.723929035049762,0.725498699045967,"[[19061   628]
 [  638  1673]]",6.0
White Only,White,0.8987727272727273,0.7144112478031635,0.6607965321051206,0.6865587614356087,"[[17334   975]
 [ 1252  2439]]",6.0
All Races,White,0.8980454545454546,0.7094907407407407,0.6643186128420482,0.6861620260249055,"[[17305  1004]
 [ 1239  2452]]",6.0
White Only,American Indian,0.9312272727272727,0.6984216459977453,0.5588633288227334,0.6208970182911551,"[[19248   535]
 [  978  1239]]",9.0
All Races,American Indian,0.9213636363636364,0.6149126946672959,0.5877311682453766,0.6010147601476015,"[[18967   816]
 [  914  1303]]",9.0
White Only,Asian,0.9422272727272727,0.6897849462365592,0.6489630753667173,0.6687516288767267,"[[19446   577]
 [  694  1283]]",9.0
All Races,Asian,0.9377272727272727,0.6522829904666332,0.6575619625695498,0.654911838790932,"[[19330   693]
 [  677  1300]]",9.0
White Only,Black,0.9381363636363637,0.8092506274650413,0.7313674659753726,0.768340425531915,"[[18382   532]
 [  829  2257]]",9.0
All Races,Black,0.927409090909091,0.7391583681336331,0.7456254050550875,0.7423778028714308,"[[18102   812]
 [  785  2301]]",9.0
White Only,Hawaiian/Other,0.9439090909090909,0.7501161170459824,0.6988316745997404,0.7235663082437276,"[[19151   538]
 [  696  1615]]",9.0
All Races,Hawaiian/Other,0.9361818181818182,0.6895110739657334,0.7139766334919948,0.7015306122448981,"[[18946   743]
 [  661  1650]]",9.0
White Only,White,0.9051363636363636,0.7673333333333333,0.6236792197236521,0.6880884770587355,"[[17611   698]
 [ 1389  2302]]",9.0
All Races,White,0.9015,0.7304900181488203,0.6542942292061772,0.6902958410747463,"[[17418   891]
 [ 1276  2415]]",9.0
White Only,American Indian,0.9340909090909091,0.7092198581560284,0.5863779882724403,0.6419753086419754,"[[19250   533]
 [  917  1300]]",10.0
All Races,American Indian,0.9230454545454545,0.6175942549371634,0.620658547586829,0.6191226096737908,"[[18931   852]
 [  841  1376]]",10.0
White Only,Asian,0.9543636363636364,0.8088888888888889,0.6444107233181589,0.7173423423423425,"[[19722   301]
 [  703  1274]]",10.0
All Races,Asian,0.943590909090909,0.6974248927038627,0.6575619625695498,0.6769070554543087,"[[19459   564]
 [  677  1300]]",10.0
White Only,Black,0.9462727272727273,0.8701399688958009,0.7252106286454958,0.7910922587486745,"[[18580   334]
 [  848  2238]]",10.0
All Races,Black,0.9325909090909091,0.7681498829039812,0.7440051847051199,0.7558847736625514,"[[18221   693]
 [  790  2296]]",10.0
White Only,Hawaiian/Other,0.9529545454545455,0.8225480283114257,0.7040242319342276,0.7586850081604104,"[[19338   351]
 [  684  1627]]",10.0
All Races,Hawaiian/Other,0.9459545454545455,0.7536166365280289,0.7213327563825184,0.7371213796152996,"[[19144   545]
 [  644  1667]]",10.0
White Only,White,0.9125909090909091,0.7923280423280423,0.6491465727445137,0.7136262099776619,"[[17681   628]
 [ 1295  2396]]",10.0
All Races,White,0.9029090909090909,0.7303703703703703,0.6678406935789759,0.6977073308802717,"[[17399   910]
 [ 1226  2465]]",10.0
White Only,American Indian,0.9465454545454546,0.8928301886792452,0.5336039693279206,0.6679841897233201,"[[19641   142]
 [ 1034  1183]]",12.0
All Races,American Indian,0.9444545454545454,0.8515901060070671,0.5435272891294542,0.663546255506608,"[[19573   210]
 [ 1012  1205]]",12.0
White Only,Asian,0.9615454545454546,0.9326702371843917,0.616590794132524,0.7423873325213155,"[[19935    88]
 [  758  1219]]",12.0
All Races,Asian,0.9606363636363636,0.913626209977662,0.6206373292867982,0.739156626506024,"[[19907   116]
 [  750  1227]]",12.0
White Only,Black,0.9545,0.9582417582417583,0.7064160725858717,0.8132811042715912,"[[18819    95]
 [  906  2180]]",12.0
All Races,Black,0.9539090909090909,0.9457831325301205,0.712248865845755,0.8125693160813308,"[[18788   126]
 [  888  2198]]",12.0
White Only,Hawaiian/Other,0.9611363636363637,0.9412121212121212,0.6720034617048897,0.7841454178237819,"[[19592    97]
 [  758  1553]]",12.0
All Races,Hawaiian/Other,0.9601363636363637,0.9252669039145908,0.6750324534833405,0.7805854390793094,"[[19563   126]
 [  751  1560]]",12.0
White Only,White,0.9208636363636363,0.9120879120879121,0.5846654023299919,0.7125639755654614,"[[18101   208]
 [ 1533  2158]]",12.0
All Races,White,0.9201363636363636,0.8886655948553055,0.5990246545651585,0.715649781518045,"[[18032   277]
 [ 1480  2211]]",12.0
White Only,American Indian,0.8907272727272727,0.4708631972577127,0.681551646368967,0.5569480280132695,"[[18085  1698]
 [  706  1511]]",13.0
All Races,American Indian,0.8737727272727273,0.42465016146393975,0.7117726657645467,0.5319399966290241,"[[17645  2138]
 [  639  1578]]",13.0
White Only,Asian,0.9377272727272727,0.652435961828227,0.6570561456752656,0.6547379032258065,"[[19331   692]
 [  678  1299]]",13.0
All Races,Asian,0.9249090909090909,0.569060773480663,0.6772888214466363,0.6184757505773671,"[[19009  1014]
 [  638  1339]]",13.0
White Only,Black,0.9199090909090909,0.6928904428904429,0.7705767984445885,0.729671678428966,"[[17860  1054]
 [  708  2378]]",13.0
All Races,Black,0.8993636363636364,0.608457711442786,0.7926117952041478,0.6884323107233324,"[[17340  1574]
 [  640  2446]]",13.0
White Only,Hawaiian/Other,0.9285909090909091,0.6377513030528668,0.7412375594980528,0.685611366820092,"[[18716   973]
 [  598  1713]]",13.0
All Races,Hawaiian/Other,0.9149545454545455,0.5723208415516108,0.7533535266118564,0.6504763683915562,"[[18388  1301]
 [  570  1741]]",13.0
White Only,White,0.8699545454545454,0.5915306572562858,0.7266323489569222,0.6521580547112462,"[[16457  1852]
 [ 1009  2682]]",13.0
All Races,White,0.8604545454545455,0.5629945222154595,0.7518287726903278,0.6438515081206496,"[[16155  2154]
 [  916  2775]]",13.0
White Only,American Indian,0.21845454545454546,0.10601357394644079,0.9088858818222824,0.18987938183188843,"[[ 2791 16992]
 [  202  2015]]",16.0
All Races,American Indian,0.21818181818181817,0.10581425940541962,0.9070816418583671,0.1895203091131844,"[[ 2789 16994]
 [  206  2011]]",16.0
White Only,Asian,0.331,0.09723714990200417,0.7779463834092059,0.17286725862650332,"[[ 5744 14279]
 [  439  1538]]",16.0
All Races,Asian,0.3300909090909091,0.09711435246574478,0.7779463834092059,0.17267317839901203,"[[ 5724 14299]
 [  439  1538]]",16.0
White Only,Black,0.2323181818181818,0.1452947525312227,0.9160725858716785,0.2508095639444617,"[[ 2284 16630]
 [  259  2827]]",16.0
All Races,Black,0.23222727272727273,0.1453162735727866,0.916396629941672,0.2508537721204595,"[[ 2281 16633]
 [  258  2828]]",16.0
White Only,Hawaiian/Other,0.3245909090909091,0.11678475445883216,0.8273474686282994,0.20467804956377456,"[[ 5229 14460]
 [  399  1912]]",16.0
All Races,Hawaiian/Other,0.323,0.11639534174745442,0.8260493292946777,0.20404018811457886,"[[ 5197 14492]
 [  402  1909]]",16.0
White Only,White,0.25213636363636366,0.17510183299389,0.9317258195610946,0.2948009086622948,"[[ 2108 16201]
 [  252  3439]]",16.0
All Races,White,0.2525454545454546,0.17514901421366347,0.9314548902736386,0.2948542024013722,"[[ 2118 16191]
 [  253  3438]]",16.0
White Only,American Indian,0.428,0.11412193850964043,0.6914749661705006,0.1959105431309904,"[[ 7883 11900]
 [  684  1533]]",17.0
All Races,American Indian,0.4259090909090909,0.11142622583774908,0.6734325665313486,0.1912141393442623,"[[ 7877 11906]
 [  724  1493]]",17.0
White Only,Asian,0.4913181818181818,0.10771457765667575,0.6398583712696004,0.1843888929378325,"[[ 9544 10479]
 [  712  1265]]",17.0
All Races,Asian,0.4874545454545455,0.10141448778396914,0.5983813859382904,0.17343498020818063,"[[ 9541 10482]
 [  794  1183]]",17.0
White Only,Black,0.37168181818181817,0.151915969655709,0.7592352559948153,0.25317413150359286,"[[ 5834 13080]
 [  743  2343]]",17.0
All Races,Black,0.3684090909090909,0.1488075898368965,0.7420609202851588,0.2479025710419486,"[[ 5815 13099]
 [  796  2290]]",17.0
White Only,Hawaiian/Other,0.5196363636363637,0.13513035793194875,0.6616183470359152,0.2244238954939087,"[[9903 9786]
 [ 782 1529]]",17.0
All Races,Hawaiian/Other,0.5141363636363636,0.12658227848101267,0.6144526179143228,0.2099194323305492,"[[9891 9798]
 [ 891 1420]]",17.0
White Only,White,0.3956363636363636,0.18121473614337869,0.739636954754809,0.291106845809341,"[[ 5974 12335]
 [  961  2730]]",17.0
All Races,White,0.39340909090909093,0.1790558510638298,0.729612571118938,0.28754471197480114,"[[ 5962 12347]
 [  998  2693]]",17.0
White Only,American Indian,0.4470909090909091,0.10761341222879685,0.6152458276950834,0.18318560300832662,"[[ 8472 11311]
 [  853  1364]]",18.0
All Races,American Indian,0.4470909090909091,0.10761341222879685,0.6152458276950834,0.18318560300832662,"[[ 8472 11311]
 [  853  1364]]",18.0
White Only,Asian,0.5185,0.09304742112223692,0.49822964087000504,0.1568096792167476,"[[10422  9601]
 [  992   985]]",18.0
All Races,Asian,0.5185,0.09304742112223692,0.49822964087000504,0.1568096792167476,"[[10422  9601]
 [  992   985]]",18.0
White Only,Black,0.4011363636363636,0.1405771286070538,0.6393389500972132,0.2304771917528182,"[[ 6852 12062]
 [ 1113  1973]]",18.0
All Races,Black,0.4011363636363636,0.1405771286070538,0.6393389500972132,0.2304771917528182,"[[ 6852 12062]
 [ 1113  1973]]",18.0
White Only,Hawaiian/Other,0.5352272727272728,0.11937283570604078,0.5369969710082215,0.19532541119068228,"[[10534  9155]
 [ 1070  1241]]",18.0
All Races,Hawaiian/Other,0.5352272727272728,0.11937283570604078,0.5369969710082215,0.19532541119068228,"[[10534  9155]
 [ 1070  1241]]",18.0
White Only,White,0.41759090909090907,0.17304659498207886,0.6540232999187212,0.27368063034975343,"[[ 6773 11536]
 [ 1277  2414]]",18.0
All Races,White,0.41759090909090907,0.17304659498207886,0.6540232999187212,0.27368063034975343,"[[ 6773 11536]
 [ 1277  2414]]",18.0
White Only,American Indian,0.45590909090909093,0.10733553426201788,0.6012629679747407,0.18215359387810878,"[[ 8697 11086]
 [  884  1333]]",19.0
All Races,American Indian,0.45590909090909093,0.10733553426201788,0.6012629679747407,0.18215359387810878,"[[ 8697 11086]
 [  884  1333]]",19.0
White Only,Asian,0.5224090909090909,0.09217823675655001,0.4876074860900354,0.15504624045034177,"[[10529  9494]
 [ 1013   964]]",19.0
All Races,Asian,0.5224090909090909,0.09217823675655001,0.4876074860900354,0.15504624045034177,"[[10529  9494]
 [ 1013   964]]",19.0
White Only,Black,0.41309090909090906,0.14086257309941522,0.6244329228775113,0.22986997494930217,"[[ 7161 11753]
 [ 1159  1927]]",19.0
All Races,Black,0.41309090909090906,0.14086257309941522,0.6244329228775113,0.22986997494930217,"[[ 7161 11753]
 [ 1159  1927]]",19.0
White Only,Hawaiian/Other,0.541,0.11854609581659645,0.5235828645607962,0.1933216168717047,"[[10692  8997]
 [ 1101  1210]]",19.0
All Races,Hawaiian/Other,0.541,0.11854609581659645,0.5235828645607962,0.1933216168717047,"[[10692  8997]
 [ 1101  1210]]",19.0
White Only,White,0.43372727272727274,0.17304393227418513,0.6285559468978597,0.2713767692127734,"[[ 7222 11087]
 [ 1371  2320]]",19.0
All Races,White,0.43372727272727274,0.17304393227418513,0.6285559468978597,0.2713767692127734,"[[ 7222 11087]
 [ 1371  2320]]",19.0
White Only,American Indian,0.4796818181818182,0.11028542475933119,0.589084348218313,0.18578846290632334,"[[ 9247 10536]
 [  911  1306]]",20.0
All Races,American Indian,0.4707272727272727,0.1091949257938811,0.5940460081190798,0.18447961899425688,"[[ 9039 10744]
 [  900  1317]]",20.0
White Only,Asian,0.567,0.09969243822250504,0.47546788062721296,0.1648255304225846,"[[11534  8489]
 [ 1037   940]]",20.0
All Races,Asian,0.551409090909091,0.09710026546865427,0.48103186646433993,0.1615835527992524,"[[11180  8843]
 [ 1026   951]]",20.0
White Only,Black,0.44131818181818183,0.1458798184196353,0.6143875567077123,0.23577690729341538,"[[ 7813 11101]
 [ 1190  1896]]",20.0
All Races,Black,0.4259545454545455,0.14293197635261543,0.6189241736876215,0.23223296249012096,"[[ 7461 11453]
 [ 1176  1910]]",20.0
White Only,Hawaiian/Other,0.5661363636363637,0.12385607321131448,0.515361315447858,0.1997149325060786,"[[11264  8425]
 [ 1120  1191]]",20.0
All Races,Hawaiian/Other,0.5544545454545454,0.12116921209669262,0.518390307226309,0.19642564354812264,"[[11000  8689]
 [ 1113  1198]]",20.0
White Only,White,0.46936363636363637,0.18034756146392247,0.6101327553508534,0.2784027691927309,"[[ 8074 10235]
 [ 1439  2252]]",20.0
All Races,White,0.462,0.1787489153585233,0.613925765375237,0.2768817204301075,"[[ 7898 10411]
 [ 1425  2266]]",20.0
White Only,American Indian,0.46554545454545454,0.10739856801909307,0.5886332882273342,0.18165367483296213,"[[ 8937 10846]
 [  912  1305]]",21.0
All Races,American Indian,0.4651363636363636,0.1067369461373744,0.584573748308525,0.18051396336792255,"[[ 8937 10846]
 [  921  1296]]",21.0
White Only,Asian,0.5272272727272728,0.09359320725588575,0.490642387455741,0.15719957864030465,"[[10629  9394]
 [ 1007   970]]",21.0
All Races,Asian,0.5262727272727272,0.091752876341487,0.4800202326757714,0.15405844155844156,"[[10629  9394]
 [ 1028   949]]",21.0
White Only,Black,0.4173181818181818,0.14287810963528288,0.6309138042773818,0.232992281457548,"[[ 7234 11680]
 [ 1139  1947]]",21.0
All Races,Black,0.4162727272727273,0.14142899147309615,0.6234607906675308,0.23055721989215097,"[[ 7234 11680]
 [ 1162  1924]]",21.0
White Only,Hawaiian/Other,0.5446363636363636,0.11835198573833812,0.5170921678926872,0.19261766602192132,"[[10787  8902]
 [ 1116  1195]]",21.0
All Races,Hawaiian/Other,0.5442272727272728,0.11756542426645519,0.5131977498918218,0.19130575046374707,"[[10787  8902]
 [ 1125  1186]]",21.0
White Only,White,0.4430909090909091,0.17336894315146892,0.6155513410999729,0.27054060490593,"[[ 7476 10833]
 [ 1419  2272]]",21.0
All Races,White,0.44222727272727275,0.1721687299403943,0.6104036846383094,0.2685819872444418,"[[ 7476 10833]
 [ 1438  2253]]",21.0
White Only,American Indian,0.4706818181818182,0.10840671207841834,0.5886332882273342,0.18309365135040337,"[[ 9050 10733]
 [  912  1305]]",22.0
All Races,American Indian,0.4704090909090909,0.1079621010638298,0.5859269282814614,0.18232858446206754,"[[ 9050 10733]
 [  918  1299]]",22.0
White Only,Asian,0.5297272727272727,0.0944072889405835,0.4926656550328781,0.15845127704571335,"[[10680  9343]
 [ 1003   974]]",22.0
All Races,Asian,0.5289090909090909,0.09282454607243422,0.48356095093576124,0.15575105897686545,"[[10680  9343]
 [ 1021   956]]",22.0
White Only,Black,0.43,0.1524264705882353,0.6717433570965652,0.24847177274361743,"[[ 7387 11527]
 [ 1013  2073]]",22.0
All Races,Black,0.42577272727272725,0.14659065669652774,0.6416072585871678,0.23865485445669865,"[[ 7387 11527]
 [ 1106  1980]]",22.0
White Only,Hawaiian/Other,0.5487272727272727,0.12040267118508921,0.5227174383383817,0.19572261827608559,"[[10864  8825]
 [ 1103  1208]]",22.0
All Races,Hawaiian/Other,0.5479090909090909,0.11882176734897654,0.5149286023366508,0.19308778192438747,"[[10864  8825]
 [ 1121  1190]]",22.0
White Only,White,0.4527272727272727,0.17404544389786836,0.603901381739366,0.27021457146320765,"[[ 7731 10578]
 [ 1462  2229]]",22.0
All Races,White,0.45195454545454544,0.17294761532447225,0.5992955838526145,0.2684303136945574,"[[ 7731 10578]
 [ 1479  2212]]",22.0
White Only,American Indian,0.47859090909090907,0.1057430129516019,0.559765448804691,0.17788289256790654,"[[ 9288 10495]
 [  976  1241]]",23.0
All Races,American Indian,0.47859090909090907,0.1057430129516019,0.559765448804691,0.17788289256790654,"[[ 9288 10495]
 [  976  1241]]",23.0
White Only,Asian,0.5306363636363637,0.09013254786450663,0.464339908952959,0.1509620128268377,"[[10756  9267]
 [ 1059   918]]",23.0
All Races,Asian,0.5306363636363637,0.09013254786450663,0.464339908952959,0.1509620128268377,"[[10756  9267]
 [ 1059   918]]",23.0
White Only,Black,0.4456818181818182,0.1387897533507812,0.5670771224886585,0.22300095571838166,"[[ 8055 10859]
 [ 1336  1750]]",23.0
All Races,Black,0.4456818181818182,0.1387897533507812,0.5670771224886585,0.22300095571838166,"[[ 8055 10859]
 [ 1336  1750]]",23.0
White Only,Hawaiian/Other,0.5514545454545454,0.11697921946274709,0.4993509303331891,0.18955321944809464,"[[10978  8711]
 [ 1157  1154]]",23.0
All Races,Hawaiian/Other,0.5514545454545454,0.11697921946274709,0.4993509303331891,0.18955321944809464,"[[10978  8711]
 [ 1157  1154]]",23.0
White Only,White,0.4580909090909091,0.1701530816702733,0.5751828772690328,0.262617516081148,"[[ 7955 10354]
 [ 1568  2123]]",23.0
All Races,White,0.4581363636363636,0.17016672010259698,0.5751828772690328,0.2626337601286572,"[[ 7956 10353]
 [ 1568  2123]]",23.0
White Only,American Indian,0.4895909090909091,0.12512479201331114,0.6783942264321154,0.21128046639039122,"[[ 9267 10516]
 [  713  1504]]",24.0
All Races,American Indian,0.48422727272727273,0.120216306156406,0.6517816869643662,0.20299220341364055,"[[ 9208 10575]
 [  772  1445]]",24.0
White Only,Asian,0.5348636363636363,0.11362785473605391,0.6140617096611026,0.19177000236948105,"[[10553  9470]
 [  763  1214]]",24.0
All Races,Asian,0.5313181818181818,0.1125162730146922,0.6120384420839656,0.19008718875186553,"[[10479  9544]
 [  767  1210]]",24.0
White Only,Black,0.4675,0.17037206814882727,0.7226182760855476,0.27573415765069553,"[[ 8055 10859]
 [  856  2230]]",24.0
All Races,Black,0.4667727272727273,0.16950837219970946,0.7184057031756319,0.2742963192081658,"[[ 8052 10862]
 [  869  2217]]",24.0
White Only,Hawaiian/Other,0.5642272727272727,0.147275547799108,0.6572912159238425,0.24063366336633663,"[[10894  8795]
 [  792  1519]]",24.0
All Races,Hawaiian/Other,0.5613636363636364,0.14453162840259615,0.6456079619212463,0.23618806395440875,"[[10858  8831]
 [  819  1492]]",24.0
White Only,White,0.4793636363636364,0.1984774333877107,0.6922243294500136,0.3085003622313451,"[[ 7991 10318]
 [ 1136  2555]]",24.0
All Races,White,0.4762272727272727,0.19501557632398753,0.6784069357897589,0.30294598027947484,"[[ 7973 10336]
 [ 1187  2504]]",24.0
White Only,American Indian,0.49827272727272726,0.10708240534521159,0.5421741091565179,0.1788424341615831,"[[ 9760 10023]
 [ 1015  1202]]",25.0
All Races,American Indian,0.4960909090909091,0.10669623059866962,0.5426251691474966,0.17832789801363771,"[[ 9711 10072]
 [ 1014  1203]]",25.0
White Only,Asian,0.5541818181818182,0.09217789813561088,0.44764795144157815,0.15287614441181552,"[[11307  8716]
 [ 1092   885]]",25.0
All Races,Asian,0.5517727272727273,0.09175642087821044,0.4481537683358624,0.1523252815266913,"[[11253  8770]
 [ 1091   886]]",25.0
White Only,Black,0.4969090909090909,0.141032559812916,0.508101101749838,0.2207828780625176,"[[9364 9550]
 [1518 1568]]",25.0
All Races,Black,0.49568181818181817,0.14101299865531153,0.5097213220998056,0.22091145284741243,"[[9332 9582]
 [1513 1573]]",25.0
White Only,Hawaiian/Other,0.5702727272727273,0.11912125413245174,0.4833405452185201,0.19113620807665982,"[[11429  8260]
 [ 1194  1117]]",25.0
All Races,Hawaiian/Other,0.569,0.11884766663123206,0.4837732583297274,0.19081754565625533,"[[11400  8289]
 [ 1193  1118]]",25.0
White Only,White,0.4752272727272727,0.1724770642201835,0.5602817664589542,0.2637586888591289,"[[8387 9922]
 [1623 2068]]",25.0
All Races,White,0.47313636363636363,0.17187240405382953,0.5605526957464102,0.2630809333079026,"[[8340 9969]
 [1622 2069]]",25.0
White Only,American Indian,0.4572272727272727,0.12800306044376433,0.7546233649075327,0.21887878589651336,"[[ 8386 11397]
 [  544  1673]]",26.0
All Races,American Indian,0.5118636363636364,0.13493831391363947,0.7104194857916103,0.22679818561451512,"[[ 9686 10097]
 [  642  1575]]",26.0
White Only,Asian,0.5423181818181818,0.12432683379758588,0.6772888214466363,0.2100886483094061,"[[10592  9431]
 [  638  1339]]",26.0
All Races,Asian,0.584,0.1325412270818396,0.6545270612038442,0.220442930153322,"[[11554  8469]
 [  683  1294]]",26.0
White Only,Black,0.4737727272727273,0.17907627182704663,0.7676604018146468,0.2904076003677597,"[[ 8054 10860]
 [  717  2369]]",26.0
All Races,Black,0.5279545454545455,0.1922590437642297,0.7388204795852236,0.30511876881900296,"[[9335 9579]
 [ 806 2280]]",26.0
White Only,Hawaiian/Other,0.5495909090909091,0.15513798111837326,0.7395067070532237,0.2564718241164553,"[[10382  9307]
 [  602  1709]]",26.0
All Races,Hawaiian/Other,0.5971818181818181,0.16790023319476832,0.7165729121592385,0.2720551996057171,"[[11482  8207]
 [  655  1656]]",26.0
White Only,White,0.4581363636363636,0.2013788098693759,0.7518287726903278,0.3176692805220078,"[[ 7304 11005]
 [  916  2775]]",26.0
All Races,White,0.5052727272727273,0.21221093062334961,0.718504470333243,0.32765011119347665,"[[8464 9845]
 [1039 2652]]",26.0
White Only,American Indian,0.5189545454545454,0.10752486395196097,0.516914749661705,0.17801941747572816,"[[10271  9512]
 [ 1071  1146]]",27.0
All Races,American Indian,0.5189545454545454,0.10752486395196097,0.516914749661705,0.17801941747572816,"[[10271  9512]
 [ 1071  1146]]",27.0
White Only,Asian,0.5813636363636364,0.09369733737782272,0.4218512898330804,0.15333701047986764,"[[11956  8067]
 [ 1143   834]]",27.0
All Races,Asian,0.5813181818181818,0.09359550561797753,0.42134547293879615,0.15316723361220924,"[[11956  8067]
 [ 1144   833]]",27.0
White Only,Black,0.5243636363636364,0.13988676298320968,0.4643551523007129,0.21500375093773444,"[[10103  8811]
 [ 1653  1433]]",27.0
All Races,Black,0.5243636363636364,0.13988676298320968,0.4643551523007129,0.21500375093773444,"[[10103  8811]
 [ 1653  1433]]",27.0
White Only,Hawaiian/Other,0.589,0.1207887323943662,0.463868455214193,0.19166815662435188,"[[11886  7803]
 [ 1239  1072]]",27.0
All Races,Hawaiian/Other,0.589,0.1207887323943662,0.463868455214193,0.19166815662435188,"[[11886  7803]
 [ 1239  1072]]",27.0
White Only,White,0.5101818181818182,0.17298993815194313,0.5077214846924952,0.2580556320572845,"[[9350 8959]
 [1817 1874]]",27.0
All Races,White,0.5101818181818182,0.17298993815194313,0.5077214846924952,0.2580556320572845,"[[9350 8959]
 [1817 1874]]",27.0
White Only,American Indian,0.5276363636363637,0.10655501010684378,0.4993234100135318,0.17563065207044265,"[[10501  9282]
 [ 1110  1107]]",28.0
All Races,American Indian,0.5269545454545455,0.10662824207492795,0.5006765899864682,0.1758137324780233,"[[10483  9300]
 [ 1107  1110]]",28.0
White Only,Asian,0.5923636363636363,0.09302596344161136,0.404147698533131,0.1512398258565209,"[[12233  7790]
 [ 1178   799]]",28.0
All Races,Asian,0.5914545454545455,0.0929044245732203,0.4046535154274153,0.1511144692104269,"[[12212  7811]
 [ 1177   800]]",28.0
White Only,Black,0.5302727272727272,0.14069006543723975,0.45981853532080363,0.21545703006377165,"[[10247  8667]
 [ 1667  1419]]",28.0
All Races,Black,0.5294090909090909,0.14042553191489363,0.45981853532080363,0.21514669092563113,"[[10228  8686]
 [ 1667  1419]]",28.0
White Only,Hawaiian/Other,0.5948636363636364,0.12057471264367817,0.4539160536564258,0.19053673599128146,"[[12038  7651]
 [ 1262  1049]]",28.0
All Races,Hawaiian/Other,0.5942727272727273,0.12074303405572756,0.45564690610125486,0.19089920232052213,"[[12021  7668]
 [ 1258  1053]]",28.0
White Only,White,0.5237272727272727,0.17417186749879981,0.49146572744513684,0.2571955196370339,"[[9708 8601]
 [1877 1814]]",28.0
All Races,White,0.5213636363636364,0.1735560859188544,0.4925494445949607,0.25667090216010163,"[[9652 8657]
 [1873 1818]]",28.0
White Only,American Indian,0.3665,0.1069224577408103,0.7189896256202075,0.1861605839416058,"[[ 6469 13314]
 [  623  1594]]",29.0
All Races,American Indian,0.38981818181818184,0.11154246100519931,0.7257555254848895,0.19336618194928495,"[[ 6967 12816]
 [  608  1609]]",29.0
White Only,Asian,0.34604545454545454,0.09796553064662433,0.7647951441578149,0.17368330365860662,"[[ 6101 13922]
 [  465  1512]]",29.0
All Races,Asian,0.38195454545454544,0.10330465656151851,0.7653009610520991,0.1820369367743488,"[[ 6890 13133]
 [  464  1513]]",29.0
White Only,Black,0.3776818181818182,0.15440265919311738,0.7676604018146468,0.25709479624504855,"[[ 5940 12974]
 [  717  2369]]",29.0
All Races,Black,0.4139090909090909,0.1628162816281628,0.7673363577446533,0.26863301191151445,"[[ 6738 12176]
 [  718  2368]]",29.0
White Only,Hawaiian/Other,0.3911818181818182,0.1207828645726408,0.7637386412808308,0.2085795320255259,"[[ 6841 12848]
 [  546  1765]]",29.0
All Races,Hawaiian/Other,0.41695454545454547,0.12619081473055596,0.7680657723929035,0.21676741771997315,"[[ 7398 12291]
 [  536  1775]]",29.0
White Only,White,0.40513636363636363,0.18213802435723953,0.729341641831482,0.2914839478100807,"[[ 6221 12088]
 [  999  2692]]",29.0
All Races,White,0.42818181818181816,0.1899979075120318,0.7380113790300732,0.3021965830929665,"[[ 6696 11613]
 [  967  2724]]",29.0
White Only,American Indian,0.5466363636363636,0.10628362602781444,0.4722598105548038,0.1735167384819357,"[[10979  8804]
 [ 1170  1047]]",30.0
All Races,American Indian,0.5469545454545455,0.10595891803945495,0.4700045105999098,0.17293170691228946,"[[10991  8792]
 [ 1175  1042]]",30.0
White Only,Asian,0.5998636363636364,0.09223416965352449,0.39049064238745573,0.1492219967140234,"[[12425  7598]
 [ 1205   772]]",30.0
All Races,Asian,0.6005,0.09219348659003831,0.3894790085988872,0.1490947816826411,"[[12441  7582]
 [ 1207   770]]",30.0
White Only,Black,0.5578636363636363,0.14005420054200543,0.4186649384316267,0.20989359109739258,"[[10981  7933]
 [ 1794  1292]]",30.0
All Races,Black,0.5548181818181818,0.13904433921653034,0.4186649384316267,0.20875747293585395,"[[10914  8000]
 [ 1794  1292]]",30.0
White Only,Hawaiian/Other,0.6063181818181819,0.1204876882620129,0.43617481609692776,0.1888170834504074,"[[12331  7358]
 [ 1303  1008]]",30.0
All Races,Hawaiian/Other,0.606909090909091,0.1206752065126302,0.43617481609692776,0.18904726181545387,"[[12344  7345]
 [ 1303  1008]]",30.0
White Only,White,0.5407727272727273,0.17225516254344714,0.4565158493633162,0.2501298894084465,"[[10212  8097]
 [ 2006  1685]]",30.0
All Races,White,0.5421818181818182,0.17266851338873498,0.4559739907884042,0.2504837029319839,"[[10245  8064]
 [ 2008  1683]]",30.0
White Only,American Indian,0.5501363636363636,0.12286387743076016,0.564276048714479,0.201790466973143,"[[10852  8931]
 [  966  1251]]",31.0
All Races,American Indian,0.548409090909091,0.11957807570977919,0.5471357690572847,0.19626243831405227,"[[10852  8931]
 [ 1004  1213]]",31.0
White Only,Asian,0.6080454545454546,0.11690108369840904,0.5128983308042488,0.19040465683973337,"[[12363  7660]
 [  963  1014]]",31.0
All Races,Asian,0.6045909090909091,0.10900418799441601,0.47395042994436015,0.17724392320060534,"[[12364  7659]
 [ 1040   937]]",31.0
White Only,Black,0.5609545454545455,0.160730876432332,0.5045366169799093,0.24379550614577625,"[[10784  8130]
 [ 1529  1557]]",31.0
All Races,Black,0.5590909090909091,0.1572346600331675,0.4915748541801685,0.23825977697502748,"[[10783  8131]
 [ 1569  1517]]",31.0
White Only,Hawaiian/Other,0.6153636363636363,0.14799130136202357,0.5594980527909996,0.2340695148443157,"[[12245  7444]
 [ 1018  1293]]",31.0
All Races,Hawaiian/Other,0.6117272727272727,0.14011782372646414,0.524881003894418,0.2211889132020423,"[[12245  7444]
 [ 1098  1213]]",31.0
White Only,White,0.5475,0.1934820904286553,0.5356272013004606,0.2842763678193975,"[[10068  8241]
 [ 1714  1977]]",31.0
All Races,White,0.544,0.18735824869342274,0.5147656461663506,0.2747252747252747,"[[10068  8241]
 [ 1791  1900]]",31.0
White Only,American Indian,0.5441363636363636,0.10743718592964824,0.4821831303563374,0.17572121311744882,"[[10902  8881]
 [ 1148  1069]]",32.0
All Races,American Indian,0.5467727272727273,0.11260991207034372,0.5083446098331078,0.18437627811860938,"[[10902  8881]
 [ 1090  1127]]",32.0
White Only,Asian,0.5994545454545455,0.09407293027675497,0.4006069802731411,0.15236629472874186,"[[12396  7627]
 [ 1185   792]]",32.0
All Races,Asian,0.6016363636363636,0.09920869257115862,0.424886191198786,0.16085790884718498,"[[12396  7627]
 [ 1137   840]]",32.0
White Only,Black,0.5542272727272727,0.14442916093535077,0.4423201555411536,0.2177554438860972,"[[10828  8086]
 [ 1721  1365]]",32.0
All Races,Black,0.5607727272727273,0.15726941115164147,0.48898250162022033,0.2379938490655311,"[[10828  8086]
 [ 1577  1509]]",32.0
White Only,Hawaiian/Other,0.6055,0.12274881516587678,0.4482907832107313,0.19272625802250953,"[[12285  7404]
 [ 1275  1036]]",32.0
All Races,Hawaiian/Other,0.609909090909091,0.13271641091718403,0.4902639549978364,0.2088864306784661,"[[12285  7404]
 [ 1178  1133]]",32.0
White Only,White,0.539409090909091,0.17365754812563322,0.4643727986995394,0.25278371801489563,"[[10153  8156]
 [ 1977  1714]]",32.0
All Races,White,0.5433636363636364,0.1808777744300492,0.48794364670820917,0.26392145369284875,"[[10153  8156]
 [ 1890  1801]]",32.0
White Only,American Indian,0.829590909090909,0.17180805484147388,0.18087505638249887,0.17622500549329817,"[[17850  1933]
 [ 1816   401]]",33.0
All Races,American Indian,0.8292727272727273,0.17073170731707318,0.17997293640054127,0.17523056653491437,"[[17845  1938]
 [ 1818   399]]",33.0
White Only,Asian,0.7733636363636364,0.1326007326007326,0.2746585735963581,0.17885375494071146,"[[16471  3552]
 [ 1434   543]]",33.0
All Races,Asian,0.7726818181818181,0.1324744773942635,0.27567020738492665,0.17895255294697093,"[[16454  3569]
 [ 1432   545]]",33.0
White Only,Black,0.7943636363636364,0.2394927536231884,0.21419313026571613,0.22613752993499828,"[[16815  2099]
 [ 2425   661]]",33.0
All Races,Black,0.7933636363636364,0.23722102231821454,0.2135450421257291,0.22476125511596182,"[[16795  2119]
 [ 2427   659]]",33.0
White Only,Hawaiian/Other,0.8060454545454545,0.18471953578336556,0.24794461272176546,0.21171254387585442,"[[17160  2529]
 [ 1738   573]]",33.0
All Races,Hawaiian/Other,0.8025909090909091,0.17989918084436043,0.24707918649935093,0.20820419325433,"[[17086  2603]
 [ 1740   571]]",33.0
White Only,White,0.7551818181818182,0.22204001311905544,0.18341912760769438,0.20089020771513355,"[[15937  2372]
 [ 3014   677]]",33.0
All Races,White,0.7546363636363637,0.22007215480485406,0.18179355188295854,0.19910979228486647,"[[15931  2378]
 [ 3020   671]]",33.0
White Only,American Indian,0.27045454545454545,0.11297633036763471,0.9106901217861976,0.20101553166069294,"[[ 3931 15852]
 [  198  2019]]",34.0
All Races,American Indian,0.3155909090909091,0.11812990720913633,0.8958051420838972,0.20873403752167743,"[[ 4957 14826]
 [  231  1986]]",34.0
White Only,Asian,0.36963636363636365,0.11143062544931703,0.8624178047546788,0.19736080564880193,"[[ 6427 13596]
 [  272  1705]]",34.0
All Races,Asian,0.36568181818181816,0.11075003249707527,0.8619119878603946,0.19627944479640616,"[[ 6341 13682]
 [  273  1704]]",34.0
White Only,Black,0.2776363636363636,0.1557897000322546,0.9390797148412184,0.267244559203246,"[[ 3210 15704]
 [  188  2898]]",34.0
All Races,Black,0.2795,0.1561708775521198,0.939403758911212,0.2678183749826782,"[[ 3250 15664]
 [  187  2899]]",34.0
White Only,Hawaiian/Other,0.36722727272727274,0.12983037877821707,0.8810038944180009,0.22631023175679432,"[[ 6043 13646]
 [  275  2036]]",34.0
All Races,Hawaiian/Other,0.379,0.13177188087977681,0.8788403288619645,0.22918077183480026,"[[ 6307 13382]
 [  280  2031]]",34.0
White Only,White,0.3230454545454545,0.18959210818000444,0.9268490923868871,0.31479181044398435,"[[ 3686 14623]
 [  270  3421]]",34.0
All Races,White,0.33340909090909093,0.19136010799865003,0.9217014359252235,0.31692207368764264,"[[ 3933 14376]
 [  289  3402]]",34.0
White Only,American Indian,0.5779090909090909,0.1143480632842335,0.4727108705457826,0.18415041293270076,"[[11666  8117]
 [ 1169  1048]]",35.0
All Races,American Indian,0.576,0.11018528670101962,0.45331529093369416,0.1772799435526548,"[[11667  8116]
 [ 1212  1005]]",35.0
White Only,Asian,0.6663181818181818,0.10313702278780704,0.35255437531613554,0.1595878649112765,"[[13962  6061]
 [ 1280   697]]",35.0
All Races,Asian,0.6642272727272728,0.09699046483909415,0.3292867981790592,0.14984463114282426,"[[13962  6061]
 [ 1326   651]]",35.0
White Only,Black,0.5804545454545454,0.14810996563573883,0.4189889825016202,0.218855788761002,"[[11477  7437]
 [ 1793  1293]]",35.0
All Races,Black,0.5768636363636364,0.13983099895821274,0.3914452365521711,0.2060554371002132,"[[11483  7431]
 [ 1878  1208]]",35.0
White Only,Hawaiian/Other,0.6514545454545455,0.12194777699364856,0.3738641280830809,0.1839080459770115,"[[13468  6221]
 [ 1447   864]]",35.0
All Races,Hawaiian/Other,0.6490454545454546,0.11532992036405006,0.3509303331890956,0.17360590816654178,"[[13468  6221]
 [ 1500   811]]",35.0
White Only,White,0.5770454545454545,0.18587735004476275,0.4500135464643728,0.2630870357171141,"[[11034  7275]
 [ 2030  1661]]",35.0
All Races,White,0.573,0.17739563299015726,0.4248171227309672,0.2502793296089385,"[[11038  7271]
 [ 2123  1568]]",35.0
White Only,American Indian,0.6035454545454545,0.12202208018593841,0.4736129905277402,0.19404915912031048,"[[12228  7555]
 [ 1167  1050]]",36.0
All Races,American Indian,0.6027727272727272,0.12028411737307872,0.4659449706811006,0.19120777417862103,"[[12228  7555]
 [ 1184  1033]]",36.0
White Only,Asian,0.6737272727272727,0.11953182150694952,0.4132524026302479,0.18542896050839763,"[[14005  6018]
 [ 1160   817]]",36.0
All Races,Asian,0.6685454545454546,0.10459753012944502,0.35558927668184115,0.16164635548401932,"[[14005  6018]
 [ 1274   703]]",36.0
White Only,Black,0.5853181818181818,0.15655933553305268,0.4458846403110823,0.23174736842105262,"[[11501  7413]
 [ 1710  1376]]",36.0
All Races,Black,0.5811818181818181,0.14773511151988963,0.4163966299416721,0.21809232858112695,"[[11501  7413]
 [ 1801  1285]]",36.0
White Only,Hawaiian/Other,0.6613181818181818,0.13669776646875884,0.4184335785374297,0.20607352157698453,"[[13582  6107]
 [ 1344   967]]",36.0
All Races,Hawaiian/Other,0.6571818181818182,0.12544751539452959,0.37905668541756815,0.18850871530019372,"[[13582  6107]
 [ 1435   876]]",36.0
White Only,White,0.5882727272727273,0.20113598396257934,0.489298293145489,0.2850828729281768,"[[11136  7173]
 [ 1885  1806]]",36.0
All Races,White,0.5859545454545455,0.19657258064516128,0.47548089948523437,0.27815199302638877,"[[11136  7173]
 [ 1936  1755]]",36.0
White Only,American Indian,0.6218636363636364,0.11438321536905965,0.40820929183581417,0.1786948366077599,"[[12776  7007]
 [ 1312   905]]",37.0
All Races,American Indian,0.6222272727272727,0.11527777777777778,0.4118177717636446,0.18013218901055542,"[[12776  7007]
 [ 1304   913]]",37.0
White Only,Asian,0.7161363636363637,0.10186567164179104,0.27617602427921095,0.14883467357230476,"[[15209  4814]
 [ 1431   546]]",37.0
All Races,Asian,0.7166363636363636,0.10370508285235525,0.28174001011633787,0.15160587915078932,"[[15209  4814]
 [ 1420   557]]",37.0
White Only,Black,0.6125,0.14353126228863547,0.35482825664290346,0.2043863742417172,"[[12380  6534]
 [ 1991  1095]]",37.0
All Races,Black,0.6137272727272727,0.14655172413793102,0.36357744653272844,0.20889964624837087,"[[12380  6534]
 [ 1964  1122]]",37.0
White Only,Hawaiian/Other,0.6894545454545454,0.1245640259093174,0.3245348334054522,0.1800288046087374,"[[14418  5271]
 [ 1561   750]]",37.0
All Races,Hawaiian/Other,0.6899090909090909,0.12601558613828553,0.32886196451752486,0.18221050107887798,"[[14418  5271]
 [ 1551   760]]",37.0
White Only,White,0.6019545454545454,0.18186385330319016,0.3923056082362503,0.24851969449927055,"[[11795  6514]
 [ 2243  1448]]",37.0
All Races,White,0.6035454545454545,0.18544454170313868,0.4017881332972094,0.25376454483230665,"[[11795  6514]
 [ 2208  1483]]",37.0
White Only,American Indian,0.6944090909090909,0.11722731906218145,0.3112313937753721,0.17030729359496485,"[[14587  5196]
 [ 1527   690]]",38.0
All Races,American Indian,0.7402272727272727,0.1286624203821656,0.2733423545331529,0.17496751840623648,"[[15679  4104]
 [ 1611   606]]",38.0
White Only,Asian,0.7518181818181818,0.10519156653819996,0.23469903894790087,0.14527238572323106,"[[16076  3947]
 [ 1513   464]]",38.0
All Races,Asian,0.7725909090909091,0.1138335885655947,0.225594334850784,0.15131467345207802,"[[16551  3472]
 [ 1531   446]]",38.0
White Only,Black,0.6959545454545455,0.16295603367633302,0.28224238496435516,0.2066184319772269,"[[14440  4474]
 [ 2215   871]]",38.0
All Races,Black,0.7450909090909091,0.19541062801932368,0.262151652624757,0.22391364517021867,"[[15583  3331]
 [ 2277   809]]",38.0
White Only,Hawaiian/Other,0.74,0.13540106951871658,0.27390739939420167,0.18121958202118524,"[[15647  4042]
 [ 1678   633]]",38.0
All Races,Hawaiian/Other,0.7662272727272728,0.14933135215453194,0.26092600605798355,0.18995117341313592,"[[16254  3435]
 [ 1708   603]]",38.0
White Only,White,0.6680454545454545,0.19400203320908166,0.3102140341370902,0.23871573021995202,"[[13552  4757]
 [ 2546  1145]]",38.0
All Races,White,0.696590909090909,0.20882123341139736,0.2898943375778922,0.2427680090754396,"[[14255  4054]
 [ 2621  1070]]",38.0
White Only,American Indian,0.6511818181818182,0.13970685329459923,0.4772214704555706,0.2161389172625128,"[[13268  6515]
 [ 1159  1058]]",39.0
All Races,American Indian,0.6515454545454545,0.14061469463131512,0.480829950383401,0.21759542763829354,"[[13268  6515]
 [ 1151  1066]]",39.0
White Only,Asian,0.7375454545454545,0.13553465156459973,0.35710672736469395,0.19649318118563874,"[[15520  4503]
 [ 1271   706]]",39.0
All Races,Asian,0.7385,0.1390057361376673,0.36772888214466365,0.2017483002636326,"[[15520  4503]
 [ 1250   727]]",39.0
White Only,Black,0.664409090909091,0.18758179438708739,0.41801685029163965,0.25895814513700693,"[[13327  5587]
 [ 1796  1290]]",39.0
All Races,Black,0.6660454545454545,0.1918125271228121,0.42968243681140633,0.2652265226522652,"[[13327  5587]
 [ 1760  1326]]",39.0
White Only,Hawaiian/Other,0.7196363636363636,0.17462459929137844,0.447858070099524,0.2512745812090313,"[[14797  4892]
 [ 1276  1035]]",39.0
All Races,Hawaiian/Other,0.7196363636363636,0.17462459929137844,0.447858070099524,0.2512745812090313,"[[14797  4892]
 [ 1276  1035]]",39.0
White Only,White,0.637,0.22258106187831028,0.4668111622866432,0.30143456962911125,"[[12291  6018]
 [ 1968  1723]]",39.0
All Races,White,0.6380454545454546,0.22488408037094282,0.4730425358981306,0.30484504583151467,"[[12291  6018]
 [ 1945  1746]]",39.0
White Only,American Indian,0.6924545454545454,0.12608910077264507,0.34596301308073973,0.18481927710843374,"[[14467  5316]
 [ 1450   767]]",40.0
All Races,American Indian,0.694,0.12617983109786388,0.34370771312584575,0.18459302325581395,"[[14506  5277]
 [ 1455   762]]",40.0
White Only,Asian,0.7615,0.11071428571428571,0.23520485584218512,0.15055852355512384,"[[16288  3735]
 [ 1512   465]]",40.0
All Races,Asian,0.7670454545454546,0.11269685039370078,0.23166413758219526,0.15163052474755834,"[[16417  3606]
 [ 1519   458]]",40.0
White Only,Black,0.6996818181818182,0.15446516192345436,0.25502268308489956,0.19239701747952573,"[[14606  4308]
 [ 2299   787]]",40.0
All Races,Black,0.7047727272727272,0.15683511173746728,0.2524303305249514,0.1934682726934062,"[[14726  4188]
 [ 2307   779]]",40.0
White Only,Hawaiian/Other,0.7349545454545454,0.13118189438390612,0.27087840761575077,0.17676125935338133,"[[15543  4146]
 [ 1685   626]]",40.0
All Races,Hawaiian/Other,0.737,0.13196356704088116,0.26958026828212894,0.1771899886234357,"[[15591  4098]
 [ 1688   623]]",40.0
White Only,White,0.6740909090909091,0.19562554680664918,0.30289894337577894,0.2377206038698703,"[[13712  4597]
 [ 2573  1118]]",40.0
All Races,White,0.6762272727272727,0.19703389830508475,0.302357084800867,0.23858898984500265,"[[13761  4548]
 [ 2575  1116]]",40.0
White Only,American Indian,0.7088181818181818,0.10784497285152593,0.2598105548037889,0.15242127546970097,"[[15018  4765]
 [ 1641   576]]",41.0
All Races,American Indian,0.7044090909090909,0.10563121089436879,0.2589084348218313,0.15004574565416284,"[[14923  4860]
 [ 1643   574]]",41.0
White Only,Asian,0.7580454545454546,0.12183544303797468,0.27263530601922104,0.16841118575222622,"[[16138  3885]
 [ 1438   539]]",41.0
All Races,Asian,0.7480909090909091,0.11542610571736785,0.270612038442084,0.161826981246219,"[[15923  4100]
 [ 1442   535]]",41.0
White Only,Black,0.6990454545454545,0.15363511659807957,0.254050550874919,0.19147637074123824,"[[14595  4319]
 [ 2302   784]]",41.0
All Races,Black,0.6891818181818182,0.14697026721866768,0.2530784186649384,0.18595238095238095,"[[14381  4533]
 [ 2305   781]]",41.0
White Only,Hawaiian/Other,0.7392272727272727,0.14607438016528926,0.3059281696235396,0.19773458257586354,"[[15556  4133]
 [ 1604   707]]",41.0
All Races,Hawaiian/Other,0.7316363636363636,0.13845844234252364,0.2977066205106015,0.189010989010989,"[[15408  4281]
 [ 1623   688]]",41.0
White Only,White,0.6667727272727273,0.19605878423513695,0.3180709834733135,0.2425870441161277,"[[13495  4814]
 [ 2517  1174]]",41.0
All Races,White,0.6614545454545454,0.1913914900607853,0.3156326198862097,0.23829003886275316,"[[13387  4922]
 [ 2526  1165]]",41.0
White Only,American Indian,0.7169545454545454,0.14538379908029714,0.37077131258457374,0.20886799644263757,"[[14951  4832]
 [ 1395   822]]",42.0
All Races,American Indian,0.7190454545454545,0.14645023189439885,0.37032025259359497,0.20989390259491245,"[[14998  4785]
 [ 1396   821]]",42.0
White Only,Asian,0.7629545454545454,0.15640916808149405,0.3727870510875063,0.22036178801016593,"[[16048  3975]
 [ 1240   737]]",42.0
All Races,Asian,0.7640454545454546,0.15647712697734073,0.37025796661608495,0.21998497370398196,"[[16077  3946]
 [ 1245   732]]",42.0
White Only,Black,0.7116818181818182,0.23704182141127078,0.4756966947504861,0.31641340661709233,"[[14189  4725]
 [ 1618  1468]]",42.0
All Races,Black,0.712,0.2362012987012987,0.4714841218405703,0.31473069435431533,"[[14209  4705]
 [ 1631  1455]]",42.0
White Only,Hawaiian/Other,0.7455909090909091,0.17784313725490197,0.3924707918649935,0.2447712859263257,"[[15496  4193]
 [ 1404   907]]",42.0
All Races,Hawaiian/Other,0.7461818181818182,0.1779177327297776,0.3911726525313717,0.24458874458874458,"[[15512  4177]
 [ 1407   904]]",42.0
White Only,White,0.6889090909090909,0.25861276986678916,0.45759956651314004,0.3304637057327333,"[[13467  4842]
 [ 2002  1689]]",42.0
All Races,White,0.6896363636363636,0.25917395977276214,0.4573286372256841,0.33085064680517445,"[[13484  4825]
 [ 2003  1688]]",42.0
White Only,American Indian,0.8972272727272728,0.38421052631578945,0.032927379341452415,0.06065641877856253,"[[19666   117]
 [ 2144    73]]",44.0
All Races,American Indian,0.8991363636363636,0.49557522123893805,0.05051871898962562,0.09169054441260746,"[[19669   114]
 [ 2105   112]]",44.0
White Only,Asian,0.9106818181818181,0.5394736842105263,0.041476985331310064,0.07703147017379051,"[[19953    70]
 [ 1895    82]]",44.0
All Races,Asian,0.9115454545454545,0.5974842767295597,0.048052604957005564,0.08895131086142322,"[[19959    64]
 [ 1882    95]]",44.0
White Only,Black,0.8605909090909091,0.5714285714285714,0.02462734931950745,0.04721963342652997,"[[18857    57]
 [ 3010    76]]",44.0
All Races,Black,0.8621818181818182,0.6588235294117647,0.03629293583927414,0.06879606879606878,"[[18856    58]
 [ 2974   112]]",44.0
White Only,Hawaiian/Other,0.8949090909090909,0.49794238683127573,0.05235828645607962,0.09475332811276431,"[[19567   122]
 [ 2190   121]]",44.0
All Races,Hawaiian/Other,0.8965,0.5634328358208955,0.06533967979229771,0.11709965102753005,"[[19572   117]
 [ 2160   151]]",44.0
White Only,White,0.8295454545454546,0.3895131086142322,0.028176645895421296,0.052551793835270345,"[[18146   163]
 [ 3587   104]]",44.0
All Races,White,0.832590909090909,0.5122699386503068,0.04524519100514766,0.08314662683594723,"[[18150   159]
 [ 3524   167]]",44.0
White Only,American Indian,0.2677727272727273,0.11147779393668196,0.8989625620207488,0.19835780044787263,"[[ 3898 15885]
 [  224  1993]]",45.0
All Races,American Indian,0.2771818181818182,0.11256440745144669,0.8967072620658547,0.20002012274876746,"[[ 4110 15673]
 [  229  1988]]",45.0
White Only,Asian,0.4002727272727273,0.10815342695451688,0.7830045523520486,0.19005524861878453,"[[ 7258 12765]
 [  429  1548]]",45.0
All Races,Asian,0.40754545454545454,0.10709970862056713,0.7622660596863935,0.1878115653040877,"[[ 7459 12564]
 [  470  1507]]",45.0
White Only,Black,0.2974090909090909,0.1522069159403992,0.8771872974724563,0.2594029993771261,"[[ 3836 15078]
 [  379  2707]]",45.0
All Races,Black,0.309,0.1548541476754786,0.8807517822423849,0.26339761604806666,"[[ 4080 14834]
 [  368  2718]]",45.0
White Only,Hawaiian/Other,0.37886363636363635,0.12468597117545947,0.8160969277369104,0.2163216149567013,"[[ 6449 13240]
 [  425  1886]]",45.0
All Races,Hawaiian/Other,0.38845454545454544,0.12665013737184214,0.8178277801817395,0.21933387489845654,"[[ 6656 13033]
 [  421  1890]]",45.0
White Only,White,0.3458181818181818,0.18832644026329587,0.8759143863451639,0.3100009588647042,"[[ 4375 13934]
 [  458  3233]]",45.0
All Races,White,0.353,0.18912543492363035,0.8688702248713086,0.3106354126307633,"[[ 4559 13750]
 [  484  3207]]",45.0
White Only,American Indian,0.748,0.11232812864134234,0.2174109156517817,0.1481253841425937,"[[15974  3809]
 [ 1735   482]]",46.0
All Races,American Indian,0.7407272727272727,0.11039106145251397,0.2228236355435273,0.14763897190675435,"[[15802  3981]
 [ 1723   494]]",46.0
White Only,Asian,0.7799545454545455,0.11213434452871072,0.2094081942336874,0.14605750573293347,"[[16745  3278]
 [ 1563   414]]",46.0
All Races,Asian,0.7681818181818182,0.10991756182862852,0.2225594334850784,0.14715719063545152,"[[16460  3563]
 [ 1537   440]]",46.0
White Only,Black,0.7453181818181818,0.17080826575987446,0.211600777705768,0.18902880301056596,"[[15744  3170]
 [ 2433   653]]",46.0
All Races,Black,0.7173181818181819,0.15578993627774115,0.22974724562540505,0.18567500327353673,"[[15072  3842]
 [ 2377   709]]",46.0
White Only,Hawaiian/Other,0.7716818181818181,0.14031830238726792,0.2289052358286456,0.1739845420161158,"[[16448  3241]
 [ 1782   529]]",46.0
All Races,Hawaiian/Other,0.76,0.1346295840511937,0.23669407183037647,0.17163476623784127,"[[16173  3516]
 [ 1764   547]]",46.0
White Only,White,0.7203636363636363,0.20985616599858523,0.24112706583581686,0.22440746343923346,"[[14958  3351]
 [ 2801   890]]",46.0
All Races,White,0.7097272727272728,0.20649096057503813,0.2568409645082633,0.22893021009418013,"[[14666  3643]
 [ 2743   948]]",46.0
White Only,American Indian,0.5016363636363637,0.12215982721382289,0.6377988272440235,0.205046403712297,"[[ 9622 10161]
 [  803  1414]]",47.0
All Races,American Indian,0.5099545454545454,0.1218650653479336,0.6224627875507442,0.20382541909755555,"[[9839 9944]
 [ 837 1380]]",47.0
White Only,Asian,0.6421363636363636,0.14327202323330107,0.5988872028325746,0.23122741919734405,"[[12943  7080]
 [  793  1184]]",47.0
All Races,Asian,0.6491818181818182,0.1422161286301882,0.577137076378351,0.2282,"[[13141  6882]
 [  836  1141]]",47.0
White Only,Black,0.49268181818181817,0.18024867347746892,0.7375243033052495,0.2896964297078852,"[[ 8563 10351]
 [  810  2276]]",47.0
All Races,Black,0.5073636363636363,0.1828150572831424,0.7239144523655218,0.2919116686266824,"[[8928 9986]
 [ 852 2234]]",47.0
White Only,Hawaiian/Other,0.5904545454545455,0.15272161741835147,0.6373864128083081,0.2464034794245567,"[[11517  8172]
 [  838  1473]]",47.0
All Races,Hawaiian/Other,0.6020909090909091,0.1516167405645074,0.606663781912592,0.24260252638864854,"[[11844  7845]
 [  909  1402]]",47.0
White Only,White,0.5388181818181819,0.21676173760421238,0.6691953400162558,0.32745591939546603,"[[9384 8925]
 [1221 2470]]",47.0
All Races,White,0.5433636363636364,0.21606648199445982,0.6551070170685451,0.3249563230748555,"[[9536 8773]
 [1273 2418]]",47.0
White Only,American Indian,0.7589545454545454,0.17502106149957877,0.37483085250338294,0.23862167982770993,"[[15866  3917]
 [ 1386   831]]",48.0
All Races,American Indian,0.7516818181818182,0.1462510897994769,0.3026612539467749,0.19720793534166056,"[[15866  3917]
 [ 1546   671]]",48.0
White Only,Asian,0.8031818181818182,0.22759898124565872,0.49721800708143654,0.3122617534942821,"[[16687  3336]
 [  994   983]]",48.0
All Races,Asian,0.7943181818181818,0.19137596899224807,0.39959534648457257,0.25880425880425884,"[[16685  3338]
 [ 1187   790]]",48.0
White Only,Black,0.7818636363636363,0.3095396931287525,0.4510693454309786,0.3671370170117368,"[[15809  3105]
 [ 1694  1392]]",48.0
All Races,Black,0.7703181818181818,0.2671086905043808,0.36552171095268954,0.3086605554795458,"[[15819  3095]
 [ 1958  1128]]",48.0
White Only,Hawaiian/Other,0.7965909090909091,0.25619648490310953,0.4919948074426655,0.3369388057489999,"[[16388  3301]
 [ 1174  1137]]",48.0
All Races,Hawaiian/Other,0.7869545454545455,0.2180825818699573,0.39766334919948076,0.28168582375478923,"[[16394  3295]
 [ 1392   919]]",48.0
White Only,White,0.7474545454545455,0.3099653556144284,0.41208344622053644,0.35380321004884857,"[[14923  3386]
 [ 2170  1521]]",48.0
All Races,White,0.7355,0.27088716623600345,0.3408290436196153,0.3018596280743851,"[[14923  3386]
 [ 2433  1258]]",48.0
White Only,American Indian,0.8506363636363636,0.11352133044107014,0.07081641858367163,0.08722222222222223,"[[18557  1226]
 [ 2060   157]]",49.0
All Races,American Indian,0.8388181818181818,0.09993979530403371,0.07487595850248083,0.0856111397627643,"[[18288  1495]
 [ 2051   166]]",49.0
White Only,Asian,0.8487272727272728,0.08886183810103469,0.0738492665655033,0.08066298342541436,"[[18526  1497]
 [ 1831   146]]",49.0
All Races,Asian,0.8350909090909091,0.07818088911599387,0.07738998482549317,0.07778342653787493,"[[18219  1804]
 [ 1824   153]]",49.0
White Only,Black,0.830590909090909,0.15574650912996776,0.046986390149060274,0.07219317898929549,"[[18128   786]
 [ 2941   145]]",49.0
All Races,Black,0.8080454545454545,0.11194539249146758,0.053143227478937134,0.07207207207207207,"[[17613  1301]
 [ 2922   164]]",49.0
White Only,Hawaiian/Other,0.8307727272727272,0.1315240083507307,0.10904370402423194,0.1192334989354152,"[[18025  1664]
 [ 2059   252]]",49.0
All Races,Hawaiian/Other,0.816,0.11655629139072848,0.11423626135871917,0.11538461538461538,"[[17688  2001]
 [ 2047   264]]",49.0
White Only,White,0.7798636363636363,0.1619718309859155,0.07477648333784882,0.10231696014828545,"[[16881  1428]
 [ 3415   276]]",49.0
All Races,White,0.7703181818181818,0.15076923076923077,0.07965321051205636,0.10423683744017019,"[[16653  1656]
 [ 3397   294]]",49.0
White Only,American Indian,0.7712272727272728,0.19863013698630136,0.41858367162832655,0.26941500943533164,"[[16039  3744]
 [ 1289   928]]",51.0
All Races,American Indian,0.7502272727272727,0.1867354740061162,0.4406856111862878,0.26231708954222044,"[[15528  4255]
 [ 1240   977]]",51.0
White Only,Asian,0.7903181818181818,0.19348837209302325,0.4208396560445119,0.26509479050501833,"[[16555  3468]
 [ 1145   832]]",51.0
All Races,Asian,0.7092272727272727,0.15457955611128477,0.5002529084471421,0.2361791044776119,"[[14614  5409]
 [  988   989]]",51.0
White Only,Black,0.7849545454545455,0.33279121772718034,0.5304601425793908,0.4089943785134291,"[[15632  3282]
 [ 1449  1637]]",51.0
All Races,Black,0.7526363636363637,0.2990446946434664,0.568049254698639,0.39181940098345996,"[[14805  4109]
 [ 1333  1753]]",51.0
White Only,Hawaiian/Other,0.7862727272727272,0.22460262612301313,0.4218952834270878,0.29314491882140714,"[[16323  3366]
 [ 1336   975]]",51.0
All Races,Hawaiian/Other,0.7286818181818182,0.18660041124057575,0.4712245781047166,0.2673376703080889,"[[14942  4747]
 [ 1222  1089]]",51.0
White Only,White,0.725,0.2881264594934435,0.4345705770793823,0.3465111255130698,"[[14346  3963]
 [ 2087  1604]]",51.0
All Races,White,0.7226363636363636,0.29368475098408353,0.46491465727445136,0.35997482693517935,"[[14182  4127]
 [ 1975  1716]]",51.0
White Only,American Indian,0.204,0.10565668024544939,0.9242219215155616,0.1896344285053216,"[[ 2439 17344]
 [  168  2049]]",53.0
All Races,American Indian,0.2791363636363636,0.11036216154461327,0.871447902571042,0.19591340059828624,"[[ 4209 15574]
 [  285  1932]]",53.0
White Only,Asian,0.2124090909090909,0.09532848254771696,0.9145169448659585,0.17265912237979275,"[[ 2865 17158]
 [  169  1808]]",53.0
All Races,Asian,0.31772727272727275,0.1032572298325723,0.8578654527061204,0.18432779045755893,"[[ 5294 14729]
 [  281  1696]]",53.0
White Only,Black,0.24786363636363637,0.14793116074697912,0.916396629941672,0.2547403504030986,"[[ 2625 16289]
 [  258  2828]]",53.0
All Races,Black,0.35613636363636364,0.16088154269972452,0.8515878159429683,0.2706348797693219,"[[ 5207 13707]
 [  458  2628]]",53.0
White Only,Hawaiian/Other,0.2046818181818182,0.11013555144793592,0.9281696235395932,0.1969064120805985,"[[ 2358 17331]
 [  166  2145]]",53.0
All Races,Hawaiian/Other,0.3210909090909091,0.12139387032927487,0.8758113370835137,0.21323219553308048,"[[ 5040 14649]
 [  287  2024]]",53.0
White Only,White,0.2847272727272727,0.178508514386377,0.905987537252777,0.2982518729932216,"[[ 2920 15389]
 [  347  3344]]",53.0
All Races,White,0.35568181818181815,0.18697002269198615,0.8482795990246546,0.3064050496648236,"[[ 4694 13615]
 [  560  3131]]",53.0
White Only,American Indian,0.8608636363636364,0.11566484517304189,0.05728461885430762,0.07662141779788838,"[[18812   971]
 [ 2090   127]]",54.0
All Races,American Indian,0.8608636363636364,0.11566484517304189,0.05728461885430762,0.07662141779788838,"[[18812   971]
 [ 2090   127]]",54.0
White Only,Asian,0.8682272727272727,0.07393715341959335,0.04046535154274153,0.05230467473030403,"[[19021  1002]
 [ 1897    80]]",54.0
All Races,Asian,0.8682272727272727,0.07393715341959335,0.04046535154274153,0.05230467473030403,"[[19021  1002]
 [ 1897    80]]",54.0
White Only,Black,0.8437727272727272,0.14829659318637275,0.023979261179520414,0.041283124128312414,"[[18489   425]
 [ 3012    74]]",54.0
All Races,Black,0.8437727272727272,0.14829659318637275,0.023979261179520414,0.041283124128312414,"[[18489   425]
 [ 3012    74]]",54.0
White Only,Hawaiian/Other,0.8485,0.13078034682080925,0.0783210731285158,0.0979702300405954,"[[18486  1203]
 [ 2130   181]]",54.0
All Races,Hawaiian/Other,0.8485,0.13078034682080925,0.0783210731285158,0.0979702300405954,"[[18486  1203]
 [ 2130   181]]",54.0
White Only,White,0.7885454545454545,0.1485003657644477,0.05499864535356272,0.08026888098062475,"[[17145  1164]
 [ 3488   203]]",54.0
All Races,White,0.7885454545454545,0.1485003657644477,0.05499864535356272,0.08026888098062475,"[[17145  1164]
 [ 3488   203]]",54.0
White Only,American Indian,0.9019090909090909,0.5420827389443652,0.17140279657194407,0.2604523646333105,"[[19462   321]
 [ 1837   380]]",55.0
All Races,American Indian,0.8935454545454545,0.379110251450677,0.08840775823184484,0.1433796634967081,"[[19462   321]
 [ 2021   196]]",55.0
White Only,Asian,0.9194545454545454,0.7262693156732892,0.16641375821952453,0.27078189300411526,"[[19899   124]
 [ 1648   329]]",55.0
All Races,Asian,0.911,0.5355805243445693,0.07233181588265047,0.12745098039215685,"[[19899   124]
 [ 1834   143]]",55.0
White Only,Black,0.8874545454545455,0.7652173913043478,0.2851587815942968,0.4154863078375826,"[[18644   270]
 [ 2206   880]]",55.0
All Races,Black,0.8644090909090909,0.5800933125972006,0.12086843810758263,0.20005363368195225,"[[18644   270]
 [ 2713   373]]",55.0
White Only,Hawaiian/Other,0.9,0.5958549222797928,0.149286023366508,0.2387543252595156,"[[19455   234]
 [ 1966   345]]",55.0
All Races,Hawaiian/Other,0.8905454545454545,0.3692722371967655,0.059281696235395934,0.10216256524981358,"[[19455   234]
 [ 2174   137]]",55.0
White Only,White,0.8386363636363636,0.5534495830174374,0.197778379842861,0.2914171656686626,"[[17720   589]
 [ 2961   730]]",55.0
All Races,White,0.8231818181818182,0.3983656792645557,0.10566242210782986,0.1670235546038544,"[[17720   589]
 [ 3301   390]]",55.0
White Only,American Indian,0.8985454545454545,0.14285714285714285,0.0013531799729364006,0.002680965147453083,"[[19765    18]
 [ 2214     3]]",56.0
All Races,American Indian,0.8985909090909091,0.15,0.0013531799729364006,0.002682163611980331,"[[19766    17]
 [ 2214     3]]",56.0
White Only,Asian,0.9100454545454545,0.0,0.0,0.0,"[[20021     2]
 [ 1977     0]]",56.0
All Races,Asian,0.9100454545454545,0.0,0.0,0.0,"[[20021     2]
 [ 1977     0]]",56.0
White Only,Black,0.8596363636363636,0.0,0.0,0.0,"[[18912     2]
 [ 3086     0]]",56.0
All Races,Black,0.8596818181818182,0.0,0.0,0.0,"[[18913     1]
 [ 3086     0]]",56.0
White Only,Hawaiian/Other,0.8946818181818181,0.2857142857142857,0.0017308524448290783,0.0034408602150537634,"[[19679    10]
 [ 2307     4]]",56.0
All Races,Hawaiian/Other,0.8947272727272727,0.3076923076923077,0.0017308524448290783,0.0034423407917383822,"[[19680     9]
 [ 2307     4]]",56.0
White Only,White,0.8315454545454546,0.2857142857142857,0.00270929287455974,0.005367686527106817,"[[18284    25]
 [ 3681    10]]",56.0
All Races,White,0.831590909090909,0.29411764705882354,0.00270929287455974,0.005369127516778523,"[[18285    24]
 [ 3681    10]]",56.0
White Only,American Indian,0.8903636363636364,0.0815450643776824,0.008570139828597204,0.015510204081632653,"[[19569   214]
 [ 2198    19]]",72.0
All Races,American Indian,0.8902272727272728,0.08050847457627118,0.008570139828597204,0.015491235222176927,"[[19566   217]
 [ 2198    19]]",72.0
White Only,Asian,0.9097727272727273,0.25,0.0020232675771370764,0.004014049172102359,"[[20011    12]
 [ 1973     4]]",72.0
All Races,Asian,0.9098181818181819,0.26666666666666666,0.0020232675771370764,0.004016064257028113,"[[20012    11]
 [ 1973     4]]",72.0
White Only,Black,0.8543636363636363,0.12658227848101267,0.0064808813998703824,0.012330456226880395,"[[18776   138]
 [ 3066    20]]",72.0
All Races,Black,0.8543636363636363,0.12658227848101267,0.0064808813998703824,0.012330456226880395,"[[18776   138]
 [ 3066    20]]",72.0
White Only,Hawaiian/Other,0.8897727272727273,0.07462686567164178,0.004327131112072695,0.008179959100204498,"[[19565   124]
 [ 2301    10]]",72.0
All Races,Hawaiian/Other,0.8896363636363637,0.072992700729927,0.004327131112072695,0.008169934640522876,"[[19562   127]
 [ 2301    10]]",72.0
White Only,White,0.8218636363636364,0.18333333333333332,0.017881332972094283,0.03258454702542582,"[[18015   294]
 [ 3625    66]]",72.0
All Races,White,0.8219090909090909,0.18559556786703602,0.01815226225955026,0.03307008884501481,"[[18015   294]
 [ 3624    67]]",72.0
